<?xml version="1.0" encoding="UTF-8"?>
<viewbox name="global">

	<view relationship="ibm_related_events" os="Omnibus" viewName="CASE_Integrations" relationshipName="ibm_related_events" type="global" localized="false">
		<columns>
			<visualEntry dataJustify="left" fieldTitle="Severity" os="Omnibus" fieldType="0" titleJustify="left" columnWidth="4" columnLocked="true" fieldName="Severity" sequenceNumber="0" />
			<visualEntry dataJustify="left" fieldTitle="Node" os="Omnibus" fieldType="2" titleJustify="left" columnWidth="12" columnLocked="true" fieldName="Node" sequenceNumber="1" />
			<visualEntry dataJustify="left" fieldTitle="Ack" os="Omnibus" fieldType="0" titleJustify="left" columnWidth="3" columnLocked="false" fieldName="Acknowledged" sequenceNumber="2" />
			<visualEntry dataJustify="left" fieldTitle="Location" os="Omnibus" fieldType="2" titleJustify="left" columnWidth="4" columnLocked="false" fieldName="Location" sequenceNumber="3" />
			<visualEntry dataJustify="left" fieldTitle="ICD Ticket" os="Omnibus" fieldType="2" titleJustify="left" columnWidth="6" columnLocked="false" fieldName="TTNumber" sequenceNumber="4" />
			<visualEntry dataJustify="left" fieldTitle="Ticket Status" os="Omnibus" fieldType="2" titleJustify="left" columnWidth="5" columnLocked="false" fieldName="TicketStatus" sequenceNumber="5" />
			<visualEntry dataJustify="left" fieldTitle="Alert Notification" os="Omnibus" fieldType="0" titleJustify="left" columnWidth="7" columnLocked="false" fieldName="CASE_ANS" sequenceNumber="6" />
			<visualEntry dataJustify="left" fieldTitle="ANS Id" os="Omnibus" fieldType="2" titleJustify="left" columnWidth="5" columnLocked="false" fieldName="CASE_ANS_ShortId" sequenceNumber="7" />
			<visualEntry dataJustify="left" fieldTitle="PagerDuty" os="Omnibus" fieldType="0" titleJustify="left" columnWidth="7" columnLocked="false" fieldName="CASE_PD" sequenceNumber="8" />
			<visualEntry dataJustify="left" fieldTitle="Slack" os="Omnibus" fieldType="0" titleJustify="left" columnWidth="7" columnLocked="false" fieldName="CASE_Slack" sequenceNumber="9" />
			<visualEntry dataJustify="left" fieldTitle="SlackChannel" os="Omnibus" fieldType="2" titleJustify="left" columnWidth="10" columnLocked="false" fieldName="CASE_SlackChannel" sequenceNumber="10" />
			<visualEntry dataJustify="left" fieldTitle="Summary" os="Omnibus" fieldType="2" titleJustify="left" columnWidth="40" columnLocked="false" fieldName="Summary" sequenceNumber="11" />
			<visualEntry dataJustify="left" fieldTitle="OwnerUID" os="Omnibus" fieldType="0" titleJustify="left" columnWidth="6" columnLocked="false" fieldName="OwnerUID" sequenceNumber="12" />
			<visualEntry dataJustify="left" fieldTitle="CASE_BMX_CMDB" os="Omnibus" fieldType="0" titleJustify="left" columnWidth="3" columnLocked="false" fieldName="CASE_BMX_CMDB" sequenceNumber="13" />
			<visualEntry dataJustify="left" fieldTitle="CASE_EnrichedEvent" os="Omnibus" fieldType="0" titleJustify="left" columnWidth="3" columnLocked="false" fieldName="CASE_EnrichedEvent" sequenceNumber="14" />
			<visualEntry dataJustify="left" fieldTitle="Service" os="Omnibus" fieldType="2" titleJustify="left" columnWidth="7" columnLocked="false" fieldName="Service" sequenceNumber="15" />
			<visualEntry dataJustify="left" fieldTitle="Class" os="Omnibus" fieldType="0" titleJustify="left" columnWidth="25" columnLocked="false" fieldName="Class" sequenceNumber="16" />
			<visualEntry dataJustify="left" fieldTitle="LastOccurrence" os="Omnibus" fieldType="1" titleJustify="left" columnWidth="14" columnLocked="false" fieldName="LastOccurrence" sequenceNumber="17" />
			<visualEntry dataJustify="left" fieldTitle="FirstOccurrence" os="Omnibus" fieldType="1" titleJustify="left" columnWidth="14" columnLocked="false" fieldName="FirstOccurrence" sequenceNumber="18" />
			<visualEntry dataJustify="left" fieldTitle="Count" os="Omnibus" fieldType="0" titleJustify="left" columnWidth="25" columnLocked="false" fieldName="Tally" sequenceNumber="19" />
		</columns>
		<sorting>
			<sortColumn os="Omnibus" order="desc" fieldType="0" fieldName="Severity" sequenceNumber="0" />
			<sortColumn os="Omnibus" order="desc" fieldType="0" fieldName="CASE_Slack" sequenceNumber="1" />
			<sortColumn os="Omnibus" order="desc" fieldType="0" fieldName="CASE_PD" sequenceNumber="2" />
			<sortColumn os="Omnibus" order="desc" fieldType="1" fieldName="LastOccurrence" sequenceNumber="3" />
		</sorting>
		<grouping>
			<groupColumn fieldName="Service" />
			<groupColumn fieldName="Location" />
		</grouping>
	</view>

</viewbox>
